{
  "name": "mercer-testframework-template",
  "version": "2.0.5",
  "description": "Mercer end-to-end test automation scripts",
  "keywords": [
    "Angular",
    "Protractor",
    "Cucumber"
  ],
  "author": "Mercer",
  "repository": "https://bitbucket.org/oliverwymantechssg/ngpd-merceros-testautomation-template",
  "license": "GPL-3.0",
  "dependencies": {
    "ngpd-merceros-testautomation-ta": ">=2.0.5",
    "protractor": "5.3.1",
    "chai": "4.1.2",
    "chai-as-promised": "7.1.1",
    "chai-string": "1.4.0",
    "cucumber": "4.1.0",
    "protractor-cucumber-framework": "5.0.0",
    "protractor-multiple-cucumber-html-reporter-plugin": "1.7.0"
  },
  "scripts": {
    "configure-globals": "npm run config/configure-globals.js",
    "prestart-webdriver": "webdriver-manager update",
    "start-webdriver": "webdriver-manager start",
    "start-webdriver-jenkins": "bash run-e2e-tests.sh",
    "test-local": "protractor protractor.local.conf.js",
    "test-sauceLab": "protractor protractor.sauce.conf.js",
    "test-smoke": "protractor protractor.smoke.conf.js",
    "test-aws": "protractor protractor.conf.aws.js"
  }
}
